{
    "base_path": "C:\\RPA\\repositorio\\OPS\\OP01_ocr_pii\\input\\chile_path",
    "country": "Chile",
    "files": {
        "Procedimeintos Post-Venta/123.1-Gesti\u00f3n mandatos  f\u00edsicos PAC.docx": {
            "creation_time": "2025-11-04T08:14:36.173940",
            "full_path": "C:\\RPA\\repositorio\\OPS\\OP01_ocr_pii\\input\\chile_path\\Procedimeintos Post-Venta\\123.1-Gesti\u00f3n mandatos  f\u00edsicos PAC.docx",
            "hash": "b9435c641dc99c73968e4157170deab6",
            "last_modified": "2025-11-27T16:26:31.443834",
            "name": "123.1-Gesti\u00f3n mandatos  f\u00edsicos PAC.docx",
            "relative_path": "Procedimeintos Post-Venta/123.1-Gesti\u00f3n mandatos  f\u00edsicos PAC.docx",
            "scan_timestamp": "2025-12-17T13:03:48.534019",
            "size": 1154501
        },
        "Procedimientos Annuities/14-. Rutificaci\u00f3n mensual voluntaria  banco Estado - 2025.docx": {
            "creation_time": "2025-12-09T10:05:01.047156",
            "full_path": "C:\\RPA\\repositorio\\OPS\\OP01_ocr_pii\\input\\chile_path\\Procedimientos Annuities\\14-. Rutificaci\u00f3n mensual voluntaria  banco Estado - 2025.docx",
            "hash": "b4a3bf8a5439620890b5e5c9c6963550",
            "last_modified": "2025-09-25T16:06:20.053049",
            "name": "14-. Rutificaci\u00f3n mensual voluntaria  banco Estado - 2025.docx",
            "relative_path": "Procedimientos Annuities/14-. Rutificaci\u00f3n mensual voluntaria  banco Estado - 2025.docx",
            "scan_timestamp": "2025-12-17T13:03:48.543684",
            "size": 784350
        }
    },
    "site_id": "Chile",
    "snapshot_timestamp": "2025-12-17T13:03:48.551367",
    "total_files": 2,
    "total_size": 1938851
}