{
    "data_volume": {
        "folders": 6,
        "image_files": 13,
        "pdf_files": 2,
        "text_files": 18,
        "total_files": 37,
        "total_size_mb": 11.886699676513672
    },
    "detection_methods": {
        "ml_detection": {
            "completed": true,
            "entities_found": 55,
            "method": "machine_learning"
        },
        "regex_detection": {
            "completed": true,
            "entities_found": 69,
            "method": "pattern_matching"
        }
    },
    "detection_mode": "hybrid",
    "excel_report_generated": true,
    "excel_report_type": "single_hybrid_file",
    "merge_strategy": "union",
    "orchestrator": "S4PIIOrchestrator",
    "output_directory": "output",
    "pii_type_breakdown": {
        "combined_types": {
            "ContextualPersonName": 4,
            "DATE": 12,
            "Miscellaneous": 23,
            "NumberSequence": 45,
            "Organization": 3,
            "Person": 6
        },
        "ml_types": {
            "Miscellaneous": 37,
            "Organization": 7,
            "Person": 11
        },
        "regex_types": {
            "ContextualPersonName": 5,
            "DATE": 13,
            "NumberSequence": 47,
            "Person": 4
        }
    },
    "results_summary": {
        "combined_entities_final": 93,
        "common_entities_both_methods": 1,
        "ml_entities_found": 55,
        "ml_only_entities": 54,
        "regex_entities_found": 69,
        "regex_only_entities": 68
    },
    "timestamp": "2025-12-17 13:08:58"
}