[{"entity_group":"MISC","score":0.8611770868301392,"word":"MAN","start":0,"end":3,"source_model":"tertiary","model_weight":0.2,"weighted_score":0.17223541736602785},{"entity_group":"ORG","score":0.8679963052272796,"word":"BAN","start":115,"end":124,"source_model":"ensemble","contributing_models":["tertiary","tertiary"],"vote_count":2,"individual_scores":[0.9773083329200745,0.7586842775344849]},{"entity_group":"MISC","score":0.9075299501419067,"word":"Operaciones Producción","start":266,"end":288,"source_model":"tertiary","model_weight":0.2,"weighted_score":0.18150599002838136},{"entity_group":"MISC","score":0.9181433320045471,"word":"Query 1051","start":381,"end":391,"source_model":"tertiary","model_weight":0.2,"weighted_score":0.18362866640090944},{"entity_group":"PER","score":0.9948748350143433,"word":"Dennis Gonzalez","start":553,"end":568,"source_model":"tertiary","model_weight":0.2,"weighted_score":0.19897496700286865},{"entity_group":"ORG","score":0.9405912160873414,"word":"metlife","start":581,"end":611,"source_model":"ensemble","contributing_models":["tertiary","tertiary"],"vote_count":2,"individual_scores":[0.8980498909950256,0.983132541179657]},{"entity_group":"PER","score":0.9891285300254822,"word":"Francy Brett","start":615,"end":627,"source_model":"tertiary","model_weight":0.2,"weighted_score":0.19782570600509644},{"entity_group":"ORG","score":0.9249038994312286,"word":"metlife","start":640,"end":666,"source_model":"ensemble","contributing_models":["tertiary","tertiary"],"vote_count":2,"individual_scores":[0.8766573071479797,0.9731504917144775]},{"entity_group":"PER","score":0.8022965689500172,"word":"Ce","start":670,"end":698,"source_model":"ensemble","contributing_models":["tertiary","tertiary","tertiary"],"vote_count":3,"individual_scores":[0.9947970509529114,0.9865762591362,0.42551639676094055]},{"entity_group":"ORG","score":0.9748852550983429,"word":"metlife","start":715,"end":731,"source_model":"ensemble","contributing_models":["tertiary","tertiary"],"vote_count":2,"individual_scores":[0.970856249332428,0.9789142608642578]},{"entity_group":"MISC","score":0.9518671035766602,"word":"S","start":771,"end":772,"source_model":"tertiary","model_weight":0.2,"weighted_score":0.19037342071533203},{"entity_group":"ORG","score":0.9613817930221558,"word":"MetLife Chile Seguros de Vida S","start":859,"end":892,"source_model":"ensemble","contributing_models":["tertiary","tertiary"],"vote_count":2,"individual_scores":[0.9900723695755005,0.932691216468811]}]