[{"entity_group":"ORG","score":0.9898518323898315,"word":"Basco Del Estado De Chilo","start":16,"end":41,"source_model":"tertiary","model_weight":0.2,"weighted_score":0.19797036647796631},{"entity_group":"ORG","score":0.999146580696106,"word":"Banco Del Estado De Chile","start":133,"end":158,"source_model":"tertiary","model_weight":0.2,"weighted_score":0.1998293161392212},{"entity_group":"ORG","score":0.9900633096694946,"word":"Basco Del Estado De Chilo","start":334,"end":359,"source_model":"tertiary","model_weight":0.2,"weighted_score":0.19801266193389894},{"entity_group":"ORG","score":0.998659610748291,"word":"Banco Del Estado De Chilo","start":442,"end":467,"source_model":"tertiary","model_weight":0.2,"weighted_score":0.1997319221496582},{"entity_group":"ORG","score":0.9982332587242126,"word":"Banco Del Estado De Chilo","start":559,"end":584,"source_model":"tertiary","model_weight":0.2,"weighted_score":0.19964665174484253},{"entity_group":"ORG","score":0.9991610646247864,"word":"Banco Del Estado De Chile","start":606,"end":631,"source_model":"tertiary","model_weight":0.2,"weighted_score":0.1998322129249573}]