[{"entity_group":"MISC","score":0.8717736601829529,"word":"MS","start":38,"end":40,"source_model":"tertiary","model_weight":0.2,"weighted_score":0.17435473203659058},{"entity_group":"ORG","score":0.9416353106498718,"word":"BAN","start":116,"end":119,"source_model":"tertiary","model_weight":0.2,"weighted_score":0.18832706212997438},{"entity_group":"ORG","score":0.9456507563591003,"word":"EST","start":122,"end":125,"source_model":"tertiary","model_weight":0.2,"weighted_score":0.1891301512718201},{"entity_group":"ORG","score":0.9863216280937195,"word":"MetLife Chile Seguros de Vida S.A","start":163,"end":196,"source_model":"tertiary","model_weight":0.2,"weighted_score":0.1972643256187439}]