[{"entity_group":"MISC","score":0.856984555721283,"word":"MANUAL DE PROCEDI M I E N T O S","start":0,"end":31,"source_model":"tertiary","model_weight":0.2,"weighted_score":0.1713969111442566},{"entity_group":"MISC","score":0.9671071171760559,"word":"Vida Individual-SVT","start":163,"end":182,"source_model":"tertiary","model_weight":0.2,"weighted_score":0.19342142343521118},{"entity_group":"ORG","score":0.9728492796421051,"word":"MetLife Chile Seguros de Vida S","start":288,"end":321,"source_model":"ensemble","contributing_models":["tertiary","tertiary"],"vote_count":2,"individual_scores":[0.9907804727554321,0.9549180865287781]}]