[{"entity_group":"PER","score":0.9973270297050476,"word":"Dennis Gonzalez","start":171,"end":186,"source_model":"tertiary","model_weight":0.2,"weighted_score":0.19946540594100953},{"entity_group":"PER","score":0.9334462881088256,"word":"metlife","start":199,"end":229,"source_model":"ensemble","contributing_models":["tertiary","tertiary","tertiary"],"vote_count":3,"individual_scores":[0.9717240333557129,0.8557037115097046,0.9729111194610596]},{"entity_group":"PER","score":0.976901650428772,"word":"Francy Brett","start":233,"end":245,"source_model":"tertiary","model_weight":0.2,"weighted_score":0.1953803300857544},{"entity_group":"ORG","score":0.8813571929931641,"word":"metlife","start":258,"end":284,"source_model":"ensemble","contributing_models":["tertiary","tertiary"],"vote_count":2,"individual_scores":[0.797347366809845,0.9653670191764832]},{"entity_group":"PER","score":0.9916059970855713,"word":"Ce","start":319,"end":344,"source_model":"ensemble","contributing_models":["tertiary","tertiary"],"vote_count":2,"individual_scores":[0.9961679577827454,0.9870440363883972]},{"entity_group":"ORG","score":0.9605513215065004,"word":"metlife","start":364,"end":380,"source_model":"ensemble","contributing_models":["tertiary","tertiary"],"vote_count":2,"individual_scores":[0.9534822702407837,0.9676203727722168]},{"entity_group":"LOC","score":0.9933479428291321,"word":"Chile","start":540,"end":545,"source_model":"tertiary","model_weight":0.2,"weighted_score":0.19866958856582642},{"entity_group":"MISC","score":0.9815874099731445,"word":"Código de Comercio","start":587,"end":605,"source_model":"tertiary","model_weight":0.2,"weighted_score":0.19631748199462892},{"entity_group":"MISC","score":0.9762674570083618,"word":"Ley sobre Compañías de Seguros","start":609,"end":639,"source_model":"tertiary","model_weight":0.2,"weighted_score":0.19525349140167236},{"entity_group":"MISC","score":0.9423996806144714,"word":"DFL N° 251","start":641,"end":651,"source_model":"tertiary","model_weight":0.2,"weighted_score":0.1884799361228943},{"entity_group":"MISC","score":0.8860054612159729,"word":"Compendio de buenas prácticas corporativa","start":656,"end":697,"source_model":"tertiary","model_weight":0.2,"weighted_score":0.17720109224319458},{"entity_group":"ORG","score":0.999093234539032,"word":"Comisión para el Mercado Financiero","start":811,"end":846,"source_model":"tertiary","model_weight":0.2,"weighted_score":0.1998186469078064},{"entity_group":"ORG","score":0.9938380718231201,"word":"CMF","start":848,"end":851,"source_model":"tertiary","model_weight":0.2,"weighted_score":0.19876761436462403},{"entity_group":"MISC","score":0.9718983173370361,"word":"Evalua","start":887,"end":893,"source_model":"tertiary","model_weight":0.2,"weighted_score":0.19437966346740723},{"entity_group":"MISC","score":0.8041979670524597,"word":"de Siniestros Sinie","start":898,"end":917,"source_model":"tertiary","model_weight":0.2,"weighted_score":0.16083959341049195},{"entity_group":"MISC","score":0.823394775390625,"word":"SLA Si","start":939,"end":945,"source_model":"tertiary","model_weight":0.2,"weighted_score":0.16467895507812502},{"entity_group":"ORG","score":0.9553358852863311,"word":"MetLife Chile Seguros de Vida S","start":988,"end":1021,"source_model":"ensemble","contributing_models":["tertiary","tertiary"],"vote_count":2,"individual_scores":[0.9916952252388,0.9189765453338623]}]