[{"entity_group":"MISC","score":0.8529683947563171,"word":"GESTIÓN DE MANDATOS FÍSICO","start":73,"end":99,"source_model":"tertiary","model_weight":0.2,"weighted_score":0.17059367895126343},{"entity_group":"MISC","score":0.966350793838501,"word":"Serviex","start":139,"end":146,"source_model":"tertiary","model_weight":0.2,"weighted_score":0.1932701587677002},{"entity_group":"MISC","score":0.8117417097091675,"word":"https","start":216,"end":221,"source_model":"tertiary","model_weight":0.2,"weighted_score":0.1623483419418335},{"entity_group":"ORG","score":0.9744124710559845,"word":"MetLife Chile Seguros de Vida S","start":366,"end":399,"source_model":"ensemble","contributing_models":["tertiary","tertiary"],"vote_count":2,"individual_scores":[0.9892642498016357,0.9595606923103333]}]