[{"entity_group":"MISC","score":0.8534895181655884,"word":"PACPAT","start":18,"end":24,"source_model":"tertiary","model_weight":0.2,"weighted_score":0.17069790363311768},{"entity_group":"ORG","score":0.9152758717536926,"word":"Serviex","start":64,"end":71,"source_model":"tertiary","model_weight":0.2,"weighted_score":0.18305517435073854},{"entity_group":"MISC","score":0.8031480312347412,"word":"Vida Individual-","start":87,"end":123,"source_model":"ensemble","contributing_models":["tertiary","tertiary"],"vote_count":2,"individual_scores":[0.8035955429077148,0.8027005195617676]}]