[{"entity_group":"MISC","score":0.8277596235275269,"word":"RU","start":9,"end":11,"source_model":"tertiary","model_weight":0.2,"weighted_score":0.1655519247055054},{"entity_group":"MISC","score":0.8428637385368347,"word":"FLORESFLORESJOSE DAVID","start":331,"end":353,"source_model":"tertiary","model_weight":0.2,"weighted_score":0.16857274770736697},{"entity_group":"MISC","score":0.9277007579803467,"word":"MICRO RUTIFICACION","start":528,"end":546,"source_model":"tertiary","model_weight":0.2,"weighted_score":0.18554015159606935},{"entity_group":"MISC","score":0.9298803210258484,"word":"MICRO RUTIFICACION","start":613,"end":631,"source_model":"tertiary","model_weight":0.2,"weighted_score":0.18597606420516968},{"entity_group":"MISC","score":0.9001492857933044,"word":"MICRO RUTIFICACION","start":698,"end":716,"source_model":"tertiary","model_weight":0.2,"weighted_score":0.1800298571586609},{"entity_group":"MISC","score":0.9100572466850281,"word":"MICRO RUTIFICACION","start":783,"end":801,"source_model":"tertiary","model_weight":0.2,"weighted_score":0.18201144933700564},{"entity_group":"MISC","score":0.905214250087738,"word":"MICRO RUTIFICACION","start":868,"end":886,"source_model":"tertiary","model_weight":0.2,"weighted_score":0.1810428500175476},{"entity_group":"MISC","score":0.9109630584716797,"word":"MICRO RUTIFICACION","start":952,"end":970,"source_model":"tertiary","model_weight":0.2,"weighted_score":0.18219261169433595},{"entity_group":"MISC","score":0.9247946739196777,"word":"MICRO RUTIFICACION","start":1037,"end":1055,"source_model":"tertiary","model_weight":0.2,"weighted_score":0.18495893478393555},{"entity_group":"MISC","score":0.9144883751869202,"word":"MICRO RUTIFICACION","start":1120,"end":1138,"source_model":"tertiary","model_weight":0.2,"weighted_score":0.18289767503738405},{"entity_group":"MISC","score":0.8759339451789856,"word":"MICRO RUTIFICACION","start":1206,"end":1224,"source_model":"tertiary","model_weight":0.2,"weighted_score":0.17518678903579712}]