[{"entity_group":"MISC","score":0.9814597964286804,"word":"SERVIEX Wedfiow Metid","start":83,"end":104,"source_model":"tertiary","model_weight":0.2,"weighted_score":0.1962919592857361},{"entity_group":"ORG","score":0.9739087224006653,"word":"Bano de Chile","start":232,"end":245,"source_model":"tertiary","model_weight":0.2,"weighted_score":0.19478174448013308},{"entity_group":"MISC","score":0.9605344533920288,"word":"SERVIEX Wedflow Metiá","start":248,"end":269,"source_model":"tertiary","model_weight":0.2,"weighted_score":0.19210689067840578},{"entity_group":"MISC","score":0.9472149610519409,"word":"Corporate System","start":323,"end":339,"source_model":"tertiary","model_weight":0.2,"weighted_score":0.18944299221038818},{"entity_group":"PER","score":0.8938111364841461,"word":"NataliaLinker","start":360,"end":387,"source_model":"ensemble","contributing_models":["tertiary","tertiary"],"vote_count":2,"individual_scores":[0.9841991066932678,0.8034231662750244]},{"entity_group":"MISC","score":0.8024092316627502,"word":"Metlife Cen","start":453,"end":464,"source_model":"tertiary","model_weight":0.2,"weighted_score":0.16048184633255005}]