[{"entity_group":"MISC","score":0.8927597403526306,"word":"MAN","start":0,"end":3,"source_model":"tertiary","model_weight":0.2,"weighted_score":0.17855194807052613},{"entity_group":"ORG","score":0.991496205329895,"word":"BAN","start":115,"end":118,"source_model":"tertiary","model_weight":0.2,"weighted_score":0.19829924106597902},{"entity_group":"MISC","score":0.9033963084220886,"word":"SACS","start":498,"end":502,"source_model":"tertiary","model_weight":0.2,"weighted_score":0.18067926168441772},{"entity_group":"ORG","score":0.9589606225490571,"word":"MetLife Chile Seguros de Vida S","start":832,"end":865,"source_model":"ensemble","contributing_models":["tertiary","tertiary"],"vote_count":2,"individual_scores":[0.9849870204925537,0.9329342246055603]}]