[{"entity_group":"MISC","score":0.8797138333320618,"word":"MS","start":38,"end":40,"source_model":"tertiary","model_weight":0.2,"weighted_score":0.17594276666641237},{"entity_group":"ORG","score":0.8816080689430237,"word":"BAN","start":115,"end":127,"source_model":"ensemble","contributing_models":["tertiary","tertiary"],"vote_count":2,"individual_scores":[0.9820358157157898,0.7811803221702576]},{"entity_group":"MISC","score":0.8330027461051941,"word":"Control de Versiones","start":138,"end":158,"source_model":"tertiary","model_weight":0.2,"weighted_score":0.16660054922103884},{"entity_group":"MISC","score":0.9126806259155273,"word":"Descripció","start":410,"end":420,"source_model":"tertiary","model_weight":0.2,"weighted_score":0.18253612518310547},{"entity_group":"MISC","score":0.9336163401603699,"word":"Sistema","start":542,"end":549,"source_model":"tertiary","model_weight":0.2,"weighted_score":0.18672326803207398},{"entity_group":"MISC","score":0.8544347882270813,"word":"Leyes Regulatoria","start":1088,"end":1105,"source_model":"tertiary","model_weight":0.2,"weighted_score":0.17088695764541628},{"entity_group":"MISC","score":0.920810341835022,"word":"Proces","start":1223,"end":1229,"source_model":"tertiary","model_weight":0.2,"weighted_score":0.1841620683670044}]