[{"entity_group":"ORG","score":0.8673143684864044,"word":"BAN","start":116,"end":125,"source_model":"ensemble","contributing_models":["tertiary","tertiary"],"vote_count":2,"individual_scores":[0.9843036532402039,0.750325083732605]},{"entity_group":"MISC","score":0.8531979322433472,"word":"SACS","start":395,"end":399,"source_model":"tertiary","model_weight":0.2,"weighted_score":0.17063958644866944},{"entity_group":"ORG","score":0.9797477722167969,"word":"MetLife Chile Seguros de Vida S","start":434,"end":467,"source_model":"ensemble","contributing_models":["tertiary","tertiary"],"vote_count":2,"individual_scores":[0.9907844662666321,0.9687110781669617]}]