[{"entity_group":"ORG","score":0.9288049936294556,"word":"BAN","start":116,"end":119,"source_model":"tertiary","model_weight":0.2,"weighted_score":0.18576099872589114},{"entity_group":"MISC","score":0.8857476711273193,"word":"Vida","start":345,"end":349,"source_model":"tertiary","model_weight":0.2,"weighted_score":0.17714953422546387},{"entity_group":"ORG","score":0.9706663489341736,"word":"MetLife Chile Seguros de Vida S","start":516,"end":549,"source_model":"ensemble","contributing_models":["tertiary","tertiary"],"vote_count":2,"individual_scores":[0.9904093742370605,0.9509233236312866]}]