[{"entity_group":"MISC","score":0.8071624040603638,"word":"MANUAL DE PROCEDI M I E N","start":0,"end":25,"source_model":"tertiary","model_weight":0.2,"weighted_score":0.16143248081207276},{"entity_group":"MISC","score":0.8780654668807983,"word":"GEST","start":73,"end":77,"source_model":"tertiary","model_weight":0.2,"weighted_score":0.17561309337615968},{"entity_group":"MISC","score":0.8325880467891694,"word":"DE MANDATOS FÍSICOS","start":81,"end":104,"source_model":"ensemble","contributing_models":["tertiary","tertiary"],"vote_count":2,"individual_scores":[0.8461745977401733,0.8190014958381653]},{"entity_group":"MISC","score":0.9569827914237976,"word":"Excel","start":135,"end":140,"source_model":"tertiary","model_weight":0.2,"weighted_score":0.19139655828475954},{"entity_group":"ORG","score":0.9733091294765472,"word":"MetLife Chile Seguros de Vida S","start":290,"end":323,"source_model":"ensemble","contributing_models":["tertiary","tertiary"],"vote_count":2,"individual_scores":[0.9877249002456665,0.958893358707428]}]