[{"entity_group":"ORG","score":0.8706669211387635,"word":"BAN","start":193,"end":205,"source_model":"ensemble","contributing_models":["tertiary","tertiary"],"vote_count":2,"individual_scores":[0.926017165184021,0.8153166770935059]},{"entity_group":"PER","score":0.9391104578971863,"word":"Barbara Segovia","start":237,"end":268,"source_model":"ensemble","contributing_models":["tertiary","tertiary"],"vote_count":2,"individual_scores":[0.8796709179878235,0.9985499978065491]},{"entity_group":"ORG","score":0.9847691655158997,"word":"MetLife Chile Seguros de Vida S.A","start":303,"end":336,"source_model":"tertiary","model_weight":0.2,"weighted_score":0.19695383310317993}]