[{"entity_group":"MISC","score":0.8808437585830688,"word":"MAN","start":0,"end":3,"source_model":"tertiary","model_weight":0.2,"weighted_score":0.17616875171661378},{"entity_group":"ORG","score":0.8011199831962585,"word":"BAN","start":115,"end":127,"source_model":"ensemble","contributing_models":["tertiary","tertiary"],"vote_count":2,"individual_scores":[0.9623469710350037,0.6398929953575134]},{"entity_group":"MISC","score":0.9058590531349182,"word":"Desgravamen","start":500,"end":511,"source_model":"tertiary","model_weight":0.2,"weighted_score":0.18117181062698365},{"entity_group":"MISC","score":0.9900582432746887,"word":"Voluntari","start":514,"end":523,"source_model":"tertiary","model_weight":0.2,"weighted_score":0.19801164865493776},{"entity_group":"ORG","score":0.9649438858032227,"word":"CMF","start":600,"end":603,"source_model":"tertiary","model_weight":0.2,"weighted_score":0.19298877716064455},{"entity_group":"MISC","score":0.8090410828590393,"word":"Sistema","start":767,"end":774,"source_model":"tertiary","model_weight":0.2,"weighted_score":0.16180821657180788},{"entity_group":"MISC","score":0.8217700719833374,"word":"Sistema Usuario","start":798,"end":860,"source_model":"ensemble","contributing_models":["tertiary","tertiary","tertiary","tertiary","tertiary"],"vote_count":5,"individual_scores":[0.9175533652305603,0.8633958101272583,0.6783372163772583,0.7767735123634338,0.8727904558181763]},{"entity_group":"ORG","score":0.9653055667877197,"word":"MetLife Chile Seguros de Vida S","start":911,"end":944,"source_model":"ensemble","contributing_models":["tertiary","tertiary"],"vote_count":2,"individual_scores":[0.9897909164428711,0.9408202171325684]}]