[{"entity_group":"MISC","score":0.8988001346588135,"word":"GEST","start":73,"end":77,"source_model":"tertiary","model_weight":0.2,"weighted_score":0.1797600269317627},{"entity_group":"MISC","score":0.8039072155952454,"word":"Excel","start":266,"end":271,"source_model":"tertiary","model_weight":0.2,"weighted_score":0.16078144311904907},{"entity_group":"ORG","score":0.9743152856826783,"word":"MetLife Chile Seguros de Vida S","start":393,"end":426,"source_model":"ensemble","contributing_models":["tertiary","tertiary"],"vote_count":2,"individual_scores":[0.9878143072128296,0.9608162641525269]}]