[{"entity_group":"MISC","score":0.8054516315460205,"word":"MAN","start":0,"end":3,"source_model":"tertiary","model_weight":0.2,"weighted_score":0.1610903263092041},{"entity_group":"MISC","score":0.8378815650939941,"word":"MS","start":38,"end":40,"source_model":"tertiary","model_weight":0.2,"weighted_score":0.16757631301879883},{"entity_group":"ORG","score":0.9653960466384889,"word":"BAN","start":115,"end":127,"source_model":"ensemble","contributing_models":["tertiary","tertiary"],"vote_count":2,"individual_scores":[0.9988866448402405,0.9319054484367371]},{"entity_group":"ORG","score":0.9985027313232422,"word":"BancoEstado","start":296,"end":307,"source_model":"tertiary","model_weight":0.2,"weighted_score":0.19970054626464845},{"entity_group":"MISC","score":0.8557740449905396,"word":"Excel","start":348,"end":353,"source_model":"tertiary","model_weight":0.2,"weighted_score":0.17115480899810792},{"entity_group":"MISC","score":0.9349349737167358,"word":"Ane","start":388,"end":391,"source_model":"tertiary","model_weight":0.2,"weighted_score":0.18698699474334718},{"entity_group":"MISC","score":0.8361583352088928,"word":"Core","start":701,"end":705,"source_model":"tertiary","model_weight":0.2,"weighted_score":0.16723166704177858},{"entity_group":"MISC","score":0.9331400394439697,"word":"SACS","start":789,"end":793,"source_model":"tertiary","model_weight":0.2,"weighted_score":0.18662800788879397},{"entity_group":"MISC","score":0.9716407656669617,"word":"SVT","start":796,"end":799,"source_model":"tertiary","model_weight":0.2,"weighted_score":0.19432815313339236},{"entity_group":"MISC","score":0.9081278443336487,"word":"MLS","start":802,"end":805,"source_model":"tertiary","model_weight":0.2,"weighted_score":0.18162556886672976},{"entity_group":"MISC","score":0.8267849683761597,"word":"Si","start":823,"end":825,"source_model":"tertiary","model_weight":0.2,"weighted_score":0.16535699367523193}]