[{"entity_group":"ORG","score":0.8525408506393433,"word":"BAN","start":115,"end":118,"source_model":"tertiary","model_weight":0.2,"weighted_score":0.17050817012786867},{"entity_group":"ORG","score":0.8109563589096069,"word":"EST","start":121,"end":124,"source_model":"tertiary","model_weight":0.2,"weighted_score":0.1621912717819214},{"entity_group":"MISC","score":0.8596644401550293,"word":"S","start":157,"end":158,"source_model":"tertiary","model_weight":0.2,"weighted_score":0.17193288803100587},{"entity_group":"MISC","score":0.8827404975891113,"word":"S","start":164,"end":165,"source_model":"tertiary","model_weight":0.2,"weighted_score":0.17654809951782227},{"entity_group":"ORG","score":0.9783872961997986,"word":"MetLife Chile Seguros de Vida S","start":270,"end":303,"source_model":"ensemble","contributing_models":["tertiary","tertiary"],"vote_count":2,"individual_scores":[0.9886103272438049,0.9681642651557922]}]