[{"entity_group":"PER","score":0.8695028424263,"word":"Alvaro Montal","start":187,"end":200,"source_model":"tertiary","model_weight":0.2,"weighted_score":0.17390056848526003},{"entity_group":"PER","score":0.9004101157188416,"word":"Alvar","start":237,"end":250,"source_model":"ensemble","contributing_models":["tertiary","tertiary"],"vote_count":2,"individual_scores":[0.9869804978370667,0.8138397336006165]},{"entity_group":"MISC","score":0.8377178907394409,"word":"Flujo","start":273,"end":278,"source_model":"tertiary","model_weight":0.2,"weighted_score":0.1675435781478882},{"entity_group":"PER","score":0.8968800902366638,"word":"Alvar","start":283,"end":296,"source_model":"ensemble","contributing_models":["tertiary","tertiary"],"vote_count":2,"individual_scores":[0.9870629906654358,0.8066971898078918]},{"entity_group":"PER","score":0.926330715417862,"word":"Alvar","start":337,"end":350,"source_model":"ensemble","contributing_models":["tertiary","tertiary"],"vote_count":2,"individual_scores":[0.9925761222839355,0.8600853085517883]},{"entity_group":"PER","score":0.9121509989102682,"word":"Ce","start":441,"end":474,"source_model":"ensemble","contributing_models":["tertiary","tertiary","tertiary"],"vote_count":3,"individual_scores":[0.7862864136695862,0.9930564761161804,0.9571101069450378]},{"entity_group":"PER","score":0.8043183386325836,"word":"Alvaro Montal","start":490,"end":517,"source_model":"ensemble","contributing_models":["tertiary","tertiary"],"vote_count":2,"individual_scores":[0.6786269545555115,0.9300097227096558]},{"entity_group":"ORG","score":0.974239706993103,"word":"MetLife Chile Seguros de Vida S.A","start":594,"end":627,"source_model":"tertiary","model_weight":0.2,"weighted_score":0.1948479413986206}]