[{"entity_group":"PER","score":0.876558780670166,"word":"Sandra Figueroa","start":101,"end":140,"source_model":"ensemble","contributing_models":["tertiary","tertiary","tertiary"],"vote_count":3,"individual_scores":[0.8003450632095337,0.954390823841095,0.8749404549598694]},{"entity_group":"ORG","score":0.9710201621055603,"word":"MetLife Chile Seguros de Vida S","start":344,"end":377,"source_model":"ensemble","contributing_models":["tertiary","tertiary"],"vote_count":2,"individual_scores":[0.9902886152267456,0.951751708984375]}]