{
    "email_templates": {
        "resume_email": {
            "template_file": "resume_email_template.html",
            "css_file": "email_styles.css",
            "subject_format": "Informe Ejecutivo - Análisis de Riesgos PII - {risk_level} - {date}",
            "variables": {
                "company_name": "MetLife",
                "department": "Operaciones",
                "contact_email": "pii-reports@metlife.cl",
                "system_name": "Sistema Automatizado de Análisis PII"
            }
        },
        "folder_email": {
            "template_file": "folder_email_template.html",
            "css_file": "email_styles.css", 
            "subject_format": "Reporte PII - Carpeta: '{folder_name}' - {entity_count} Detecciones",
            "variables": {
                "company_name": "MetLife",
                "support_email": "soporte-pii@metlife.cl",
                "system_name": "Análisis PII por Carpeta"
            }
        },
        "recommendations": {
            "template_file": "recommendations_template.html",
            "variables": {
                "high_priority_timeframe": "Inmediato (24-48 horas)",
                "medium_priority_timeframe": "Corto plazo (1-2 semanas)",
                "low_priority_timeframe": "Mediano plazo (1 mes)"
            }
        }
    },
    "risk_level_configs": {
        "RIESGO ALTO": {
            "css_class": "risk-high",
            "color": "#721c24",
            "background": "#f8d7da",
            "priority": "critical",
            "description": "Exposición significativa de información personal identificable. Requiere intervención ejecutiva inmediata y plan de remediación.",
            "recommendations": [],
            "timeframe": "Inmediato (24-48 horas)"
        },
        "RIESGO MODERADO": {
            "css_class": "risk-medium",
            "color": "#856404", 
            "background": "#fff3cd",
            "priority": "high",
            "description": "Nivel moderado de exposición PII. Se recomienda revisión y implementación de medidas preventivas.",
            "recommendations": [
                "Revisar y clasificar documentos con información personal identificada",
                "Establecer políticas claras de manejo de información PII",
                "Capacitar al personal en buenas prácticas de protección de datos",
                "Implementar controles de acceso para documentos sensibles",
                "Monitorear regularmente el cumplimiento de políticas de datos"
            ],
            "timeframe": "Corto plazo (1-2 semanas)"
        },
        "RIESGO BAJO": {
            "css_class": "risk-low",
            "color": "#155724",
            "background": "#d4edda", 
            "priority": "low",
            "description": "Exposición mínima de PII. Mantener buenas prácticas de protección de datos y monitoreo continuo.",
            "recommendations": [
                "Mantener prácticas actuales de manejo de información",
                "Realizar revisiones periódicas de documentos corporativos",
                "Continuar con capacitación regular en protección de datos",
                "Monitorear tendencias en la detección de información PII",
                "Documentar y mantener políticas de privacidad actualizadas"
            ],
            "timeframe": "Mediano plazo (1 mes)"
        }
    },
    "pii_type_descriptions": {
        "PERSON": "Nombres de personas identificables",
        "EMAIL": "Direcciones de correo electrónico",
        "PHONE": "Números de teléfono",
        "ID_NUMBER": "Números de identificación (RUT, DNI, etc.)",
        "CREDIT_CARD": "Números de tarjetas de crédito",
        "BANK_ACCOUNT": "Números de cuenta bancaria",
        "ADDRESS": "Direcciones físicas",
        "DATE_OF_BIRTH": "Fechas de nacimiento",
        "SSN": "Números de seguridad social",
        "PASSPORT": "Números de pasaporte",
        "DRIVER_LICENSE": "Números de licencia de conducir",
        "IP_ADDRESS": "Direcciones IP",
        "URL": "URLs y enlaces web",
        "ORGANIZATION": "Nombres de organizaciones",
        "LOCATION": "Ubicaciones geográficas"
    },
    "email_settings": {
        "max_template_size_kb": 500,
        "fallback_to_simple_template": true,
        "include_technical_details": true,
        "exclude_sensitive_pii_types": [
            "MISC", "LOC", "ORG", "ContextualPersonName", 
            "Address_Keywords", "Sex", "Health"
        ]
    }
}