{
    "epoch": 1.0,
    "eval_accuracy": 0.9794575113808801,
    "eval_f1": 0.8672074159907299,
    "eval_loss": 0.08266742527484894,
    "eval_precision": 0.8648024035128264,
    "eval_recall": 0.8696258424355101,
    "eval_runtime": 82.5256,
    "eval_samples": 1915,
    "eval_samples_per_second": 23.205,
    "eval_steps_per_second": 2.908,
    "total_flos": 381121355275344.0,
    "train_loss": 0.1387540928705442,
    "train_runtime": 1240.6431,
    "train_samples": 8323,
    "train_samples_per_second": 6.709,
    "train_steps_per_second": 0.21
}