{
    "input_directory": "C:\\RPA\\repositorio\\OPS\\OP01_ocr_pii\\input\\_file_input",
    "output_directory": "C:\\RPA\\repositorio\\OPS\\OP01_ocr_pii\\output\\_others",
    "process_data_directory": "C:\\RPA\\repositorio\\OPS\\OP01_ocr_pii\\input\\_file_input",
    "processed_folders": [
        {
            "combined_text_files": 0,
            "folder": "Chile - 123.1-Gesti\u00f3n mandatos  f\u00edsicos PAC",
            "image_count": 8,
            "individual_page_files": 6,
            "pdf_count": 1,
            "text_files_count": 6
        },
        {
            "combined_text_files": 0,
            "folder": "Chile - 14-. Rutificaci\u00f3n mensual voluntaria  banco Estado - 2025",
            "image_count": 5,
            "individual_page_files": 12,
            "pdf_count": 1,
            "text_files_count": 12
        }
    ],
    "script_name": "S1_download_files_and_split",
    "state_name": "S1_FileOrganizer",
    "timestamp": "2025-12-17 13:04:50",
    "total_combined_text_files": 0,
    "total_folders": 2,
    "total_images": 13,
    "total_individual_page_files": 18,
    "total_pdfs": 2,
    "total_text_files": 18
}