{
    "input_directory": "C:\\RPA\\repositorio\\OPS\\OP01_ocr_pii\\input\\_file_input",
    "processed_folders": [
        {
            "folder": "Chile - 123.1-Gesti\u00f3n mandatos  f\u00edsicos PAC",
            "images_processed": 8
        },
        {
            "folder": "Chile - 14-. Rutificaci\u00f3n mensual voluntaria  banco Estado - 2025",
            "images_processed": 5
        }
    ],
    "script_name": "S2_preprocessing_images",
    "timestamp": "2025-12-17 13:05:02",
    "total_folders": 2,
    "total_images_processed": 13
}