{
    "backup_timestamp": "2025-11-27T10:13:52.248451",
    "processing_statistics": {
        "backup_errors": 0,
        "end_time": null,
        "files_backed_up": 2,
        "files_detected": 2,
        "files_skipped": 0,
        "ocr_copy_errors": 0,
        "ocr_files_copied": 1,
        "start_time": "2025-11-27T10:13:51.927091"
    },
    "regional_hub_path": "C:\\RPA\\repositorio\\OPS\\OP01_ocr_pii\\input\\main_folder_path",
    "sites": {
        "Argentina": {
            "changes": [],
            "country": "Argentina",
            "deleted": 0,
            "local_path": "C:\\RPA\\repositorio\\OPS\\OP01_ocr_pii\\input\\argentina_path",
            "modified": 0,
            "new": 0,
            "successfully_backed_up": 0,
            "total_changes": 0
        },
        "Brasil": {
            "changes": [],
            "country": "Brasil",
            "deleted": 0,
            "local_path": "C:\\RPA\\repositorio\\OPS\\OP01_ocr_pii\\input\\brasil_path",
            "modified": 0,
            "new": 0,
            "successfully_backed_up": 0,
            "total_changes": 0
        },
        "Chile": {
            "changes": [
                {
                    "backup_path": "C:\\RPA\\repositorio\\OPS\\OP01_ocr_pii\\input\\main_folder_path\\Chile\\root\\1-. Procedimiento de Pago de Asegurados_44.docx",
                    "change_type": "new",
                    "country": "Chile",
                    "creation_time": "2025-11-04T08:14:18.383396",
                    "detection_timestamp": "2025-11-27T10:13:51.986761",
                    "file_hash": "ad3ee18a84e1113f34ee20d0cabe7202",
                    "file_path": "C:\\RPA\\repositorio\\OPS\\OP01_ocr_pii\\input\\chile_path\\1-. Procedimiento de Pago de Asegurados.docx",
                    "file_size": 1652725,
                    "last_modified": "2025-11-26T16:50:33.897118",
                    "relative_path": "1-. Procedimiento de Pago de Asegurados.docx",
                    "site_id": "Chile"
                },
                {
                    "backup_path": "C:\\RPA\\repositorio\\OPS\\OP01_ocr_pii\\input\\main_folder_path\\Chile\\root\\123.1-Gesti\u00f3n mandatos  f\u00edsicos PAC_39.docx",
                    "change_type": "new",
                    "country": "Chile",
                    "creation_time": "2025-11-04T08:14:36.173940",
                    "detection_timestamp": "2025-11-27T10:13:52.142688",
                    "file_hash": "ca7f3c3fd0b6a7178abc85d76cc87d4a",
                    "file_path": "C:\\RPA\\repositorio\\OPS\\OP01_ocr_pii\\input\\chile_path\\123.1-Gesti\u00f3n mandatos  f\u00edsicos PAC.docx",
                    "file_size": 1820722,
                    "last_modified": "2025-11-27T10:13:14.984399",
                    "relative_path": "123.1-Gesti\u00f3n mandatos  f\u00edsicos PAC.docx",
                    "site_id": "Chile"
                }
            ],
            "country": "Chile",
            "deleted": 0,
            "local_path": "C:\\RPA\\repositorio\\OPS\\OP01_ocr_pii\\input\\chile_path",
            "modified": 0,
            "new": 2,
            "successfully_backed_up": 2,
            "total_changes": 2
        },
        "Uruguay": {
            "changes": [],
            "country": "Uruguay",
            "deleted": 0,
            "local_path": "C:\\RPA\\repositorio\\OPS\\OP01_ocr_pii\\input\\uruguay_path",
            "modified": 0,
            "new": 0,
            "successfully_backed_up": 0,
            "total_changes": 0
        }
    },
    "total_changes": 2,
    "total_sites": 4
}