{
    "backup_timestamp": "2025-12-03T09:28:59.948313",
    "processing_statistics": {
        "backup_errors": 0,
        "end_time": null,
        "files_backed_up": 2,
        "files_detected": 2,
        "files_skipped": 0,
        "ocr_copy_errors": 0,
        "ocr_files_copied": 2,
        "start_time": "2025-12-03T09:28:59.779500"
    },
    "regional_hub_path": "C:\\RPA\\repositorio\\OPS\\OP01_ocr_pii\\input\\main_folder_path",
    "sites": {
        "Brazil": {
            "changes": [
                {
                    "backup_path": "C:\\RPA\\repositorio\\OPS\\OP01_ocr_pii\\input\\main_folder_path\\Brazil\\root\\123.1-Gesti\u00f3n mandatos  f\u00edsicos PAC.docx",
                    "change_type": "new",
                    "country": "Brazil",
                    "creation_time": "2025-11-04T08:14:36.173940",
                    "detection_timestamp": "2025-12-03T09:28:59.801863",
                    "file_hash": "b9435c641dc99c73968e4157170deab6",
                    "file_path": "C:\\RPA\\repositorio\\OPS\\OP01_ocr_pii\\input\\brasil_path\\123.1-Gesti\u00f3n mandatos  f\u00edsicos PAC.docx",
                    "file_size": 1154501,
                    "last_modified": "2025-11-27T16:26:31.443834",
                    "relative_path": "123.1-Gesti\u00f3n mandatos  f\u00edsicos PAC.docx",
                    "site_id": "Brazil"
                }
            ],
            "country": "Brazil",
            "deleted": 0,
            "local_path": "C:\\RPA\\repositorio\\OPS\\OP01_ocr_pii\\input\\brasil_path",
            "modified": 0,
            "new": 1,
            "successfully_backed_up": 1,
            "total_changes": 1
        },
        "Chile": {
            "changes": [
                {
                    "backup_path": "C:\\RPA\\repositorio\\OPS\\OP01_ocr_pii\\input\\main_folder_path\\Chile\\root\\14-. Rutificaci\u00f3n mensual voluntaria  banco Estado - 2025.docx",
                    "change_type": "new",
                    "country": "Chile",
                    "creation_time": "2025-12-03T09:21:52.603989",
                    "detection_timestamp": "2025-12-03T09:28:59.859970",
                    "file_hash": "b4a3bf8a5439620890b5e5c9c6963550",
                    "file_path": "C:\\RPA\\repositorio\\OPS\\OP01_ocr_pii\\input\\chile_path\\14-. Rutificaci\u00f3n mensual voluntaria  banco Estado - 2025.docx",
                    "file_size": 784350,
                    "last_modified": "2025-09-25T16:06:20.053049",
                    "relative_path": "14-. Rutificaci\u00f3n mensual voluntaria  banco Estado - 2025.docx",
                    "site_id": "Chile"
                }
            ],
            "country": "Chile",
            "deleted": 0,
            "local_path": "C:\\RPA\\repositorio\\OPS\\OP01_ocr_pii\\input\\chile_path",
            "modified": 0,
            "new": 1,
            "successfully_backed_up": 1,
            "total_changes": 1
        },
        "Colombia": {
            "changes": [],
            "country": "Colombia",
            "deleted": 0,
            "local_path": "C:\\RPA\\repositorio\\OPS\\OP01_ocr_pii\\input\\colombia_path",
            "modified": 0,
            "new": 0,
            "successfully_backed_up": 0,
            "total_changes": 0
        },
        "Uruguay": {
            "changes": [],
            "country": "Uruguay",
            "deleted": 0,
            "local_path": "C:\\RPA\\repositorio\\OPS\\OP01_ocr_pii\\input\\uruguay_path",
            "modified": 0,
            "new": 0,
            "successfully_backed_up": 0,
            "total_changes": 0
        }
    },
    "total_changes": 2,
    "total_sites": 4
}