{
    "backup_timestamp": "2025-11-27T15:45:09.398456",
    "processing_statistics": {
        "backup_errors": 0,
        "end_time": null,
        "files_backed_up": 2,
        "files_detected": 2,
        "files_skipped": 0,
        "ocr_copy_errors": 0,
        "ocr_files_copied": 1,
        "start_time": "2025-11-27T15:45:08.953570"
    },
    "regional_hub_path": "C:\\RPA\\repositorio\\OPS\\OP01_ocr_pii\\input\\main_folder_path",
    "sites": {
        "Argentina": {
            "changes": [],
            "country": "Argentina",
            "deleted": 0,
            "local_path": "C:\\RPA\\repositorio\\OPS\\OP01_ocr_pii\\input\\argentina_path",
            "modified": 0,
            "new": 0,
            "successfully_backed_up": 0,
            "total_changes": 0
        },
        "Brasil": {
            "changes": [
                {
                    "backup_path": "C:\\RPA\\repositorio\\OPS\\OP01_ocr_pii\\input\\main_folder_path\\Brasil\\root\\123.1-Gesti\u00f3n mandatos  f\u00edsicos PAC_3.docx",
                    "change_type": "new",
                    "country": "Brasil",
                    "creation_time": "2025-11-04T08:14:36.173940",
                    "detection_timestamp": "2025-11-27T15:45:09.039337",
                    "file_hash": "68ac256650a3b096fa92e31887160390",
                    "file_path": "C:\\RPA\\repositorio\\OPS\\OP01_ocr_pii\\input\\brasil_path\\123.1-Gesti\u00f3n mandatos  f\u00edsicos PAC.docx",
                    "file_size": 1154391,
                    "last_modified": "2025-11-27T15:43:47.571340",
                    "relative_path": "123.1-Gesti\u00f3n mandatos  f\u00edsicos PAC.docx",
                    "site_id": "Brasil"
                }
            ],
            "country": "Brasil",
            "deleted": 0,
            "local_path": "C:\\RPA\\repositorio\\OPS\\OP01_ocr_pii\\input\\brasil_path",
            "modified": 0,
            "new": 1,
            "successfully_backed_up": 1,
            "total_changes": 1
        },
        "Chile": {
            "changes": [
                {
                    "backup_path": "C:\\RPA\\repositorio\\OPS\\OP01_ocr_pii\\input\\main_folder_path\\Chile\\root\\1-. Procedimiento de Pago de Asegurados_48.docx",
                    "change_type": "new",
                    "country": "Chile",
                    "creation_time": "2025-11-04T08:14:18.383396",
                    "detection_timestamp": "2025-11-27T15:45:09.264490",
                    "file_hash": "ad3ee18a84e1113f34ee20d0cabe7202",
                    "file_path": "C:\\RPA\\repositorio\\OPS\\OP01_ocr_pii\\input\\chile_path\\1-. Procedimiento de Pago de Asegurados.docx",
                    "file_size": 1652725,
                    "last_modified": "2025-11-26T16:50:33.897118",
                    "relative_path": "1-. Procedimiento de Pago de Asegurados.docx",
                    "site_id": "Chile"
                }
            ],
            "country": "Chile",
            "deleted": 0,
            "local_path": "C:\\RPA\\repositorio\\OPS\\OP01_ocr_pii\\input\\chile_path",
            "modified": 0,
            "new": 1,
            "successfully_backed_up": 1,
            "total_changes": 1
        },
        "Colombia": {
            "changes": [],
            "country": "Colombia",
            "deleted": 0,
            "local_path": "C:\\RPA\\repositorio\\OPS\\OP01_ocr_pii\\input\\colombia_path",
            "modified": 0,
            "new": 0,
            "successfully_backed_up": 0,
            "total_changes": 0
        },
        "Uruguay": {
            "changes": [],
            "country": "Uruguay",
            "deleted": 0,
            "local_path": "C:\\RPA\\repositorio\\OPS\\OP01_ocr_pii\\input\\uruguay_path",
            "modified": 0,
            "new": 0,
            "successfully_backed_up": 0,
            "total_changes": 0
        }
    },
    "total_changes": 2,
    "total_sites": 5
}