{
    "backup_timestamp": "2025-11-26T15:07:27.684154",
    "processing_statistics": {
        "backup_errors": 0,
        "end_time": null,
        "files_backed_up": 2,
        "files_detected": 2,
        "files_skipped": 0,
        "ocr_copy_errors": 0,
        "ocr_files_copied": 2,
        "start_time": "2025-11-26T15:07:27.549873"
    },
    "regional_hub_path": "C:\\RPA\\repositorio\\OPS\\OP01_ocr_pii\\input\\main_folder_path",
    "sites": {
        "Argentina": {
            "changes": [],
            "country": "Argentina",
            "deleted": 0,
            "local_path": "C:\\RPA\\repositorio\\OPS\\OP01_ocr_pii\\input\\argentina_path",
            "modified": 0,
            "new": 0,
            "successfully_backed_up": 0,
            "total_changes": 0
        },
        "Brasil": {
            "changes": [],
            "country": "Brasil",
            "deleted": 0,
            "local_path": "C:\\RPA\\repositorio\\OPS\\OP01_ocr_pii\\input\\brasil_path",
            "modified": 0,
            "new": 0,
            "successfully_backed_up": 0,
            "total_changes": 0
        },
        "Chile": {
            "changes": [
                {
                    "backup_path": "C:\\RPA\\repositorio\\OPS\\OP01_ocr_pii\\input\\main_folder_path\\Chile\\root\\1-. Procedimiento de Pago de Asegurados_36.docx",
                    "change_type": "new",
                    "country": "Chile",
                    "creation_time": "2025-11-04T08:14:18.383396",
                    "detection_timestamp": "2025-11-26T15:07:27.596495",
                    "file_hash": "95f6b18b316234690f898bc858d47312",
                    "file_path": "C:\\RPA\\repositorio\\OPS\\OP01_ocr_pii\\input\\chile_path\\1-. Procedimiento de Pago de Asegurados.docx",
                    "file_size": 1666832,
                    "last_modified": "2025-10-20T18:04:23.700554",
                    "relative_path": "1-. Procedimiento de Pago de Asegurados.docx",
                    "site_id": "Chile"
                },
                {
                    "backup_path": "C:\\RPA\\repositorio\\OPS\\OP01_ocr_pii\\input\\main_folder_path\\Chile\\root\\123.1-Gesti\u00f3n mandatos  f\u00edsicos PAC_31.docx",
                    "change_type": "new",
                    "country": "Chile",
                    "creation_time": "2025-11-04T08:14:36.173940",
                    "detection_timestamp": "2025-11-26T15:07:27.636345",
                    "file_hash": "d1c9399cba13ba8c4d91aa5dc3fdf52b",
                    "file_path": "C:\\RPA\\repositorio\\OPS\\OP01_ocr_pii\\input\\chile_path\\123.1-Gesti\u00f3n mandatos  f\u00edsicos PAC.docx",
                    "file_size": 1820745,
                    "last_modified": "2025-10-16T18:00:30.807906",
                    "relative_path": "123.1-Gesti\u00f3n mandatos  f\u00edsicos PAC.docx",
                    "site_id": "Chile"
                }
            ],
            "country": "Chile",
            "deleted": 0,
            "local_path": "C:\\RPA\\repositorio\\OPS\\OP01_ocr_pii\\input\\chile_path",
            "modified": 0,
            "new": 2,
            "successfully_backed_up": 2,
            "total_changes": 2
        },
        "Uruguay": {
            "changes": [],
            "country": "Uruguay",
            "deleted": 0,
            "local_path": "C:\\RPA\\repositorio\\OPS\\OP01_ocr_pii\\input\\uruguay_path",
            "modified": 0,
            "new": 0,
            "successfully_backed_up": 0,
            "total_changes": 0
        }
    },
    "total_changes": 2,
    "total_sites": 4
}