{
    "backup_timestamp": "2025-12-09T17:37:01.314818",
    "processing_statistics": {
        "backup_errors": 0,
        "end_time": null,
        "files_backed_up": 2,
        "files_detected": 2,
        "files_skipped": 0,
        "ocr_copy_errors": 0,
        "ocr_files_copied": 2,
        "start_time": "2025-12-09T17:37:01.147707"
    },
    "regional_hub_path": "C:\\RPA\\repositorio\\OPS\\OP01_ocr_pii\\input\\main_folder_path",
    "sites": {
        "Brazil": {
            "changes": [],
            "country": "Brazil",
            "deleted": 0,
            "local_path": "C:\\RPA\\repositorio\\OPS\\OP01_ocr_pii\\input\\brasil_path",
            "modified": 0,
            "new": 0,
            "successfully_backed_up": 0,
            "total_changes": 0
        },
        "Chile": {
            "changes": [
                {
                    "backup_path": "C:\\RPA\\repositorio\\OPS\\OP01_ocr_pii\\input\\main_folder_path\\Chile\\Procedimeintos Post-Venta\\123.1-Gesti\u00f3n mandatos  f\u00edsicos PAC_9.docx",
                    "change_type": "new",
                    "country": "Chile",
                    "creation_time": "2025-11-04T08:14:36.173940",
                    "detection_timestamp": "2025-12-09T17:37:01.200431",
                    "file_hash": "b9435c641dc99c73968e4157170deab6",
                    "file_path": "C:\\RPA\\repositorio\\OPS\\OP01_ocr_pii\\input\\chile_path\\Procedimeintos Post-Venta\\123.1-Gesti\u00f3n mandatos  f\u00edsicos PAC.docx",
                    "file_size": 1154501,
                    "last_modified": "2025-11-27T16:26:31.443834",
                    "relative_path": "Procedimeintos Post-Venta/123.1-Gesti\u00f3n mandatos  f\u00edsicos PAC.docx",
                    "site_id": "Chile"
                },
                {
                    "backup_path": "C:\\RPA\\repositorio\\OPS\\OP01_ocr_pii\\input\\main_folder_path\\Chile\\Procedimientos Annuities\\14-. Rutificaci\u00f3n mensual voluntaria  banco Estado - 2025_9.docx",
                    "change_type": "new",
                    "country": "Chile",
                    "creation_time": "2025-12-09T10:05:01.047156",
                    "detection_timestamp": "2025-12-09T17:37:01.248094",
                    "file_hash": "b4a3bf8a5439620890b5e5c9c6963550",
                    "file_path": "C:\\RPA\\repositorio\\OPS\\OP01_ocr_pii\\input\\chile_path\\Procedimientos Annuities\\14-. Rutificaci\u00f3n mensual voluntaria  banco Estado - 2025.docx",
                    "file_size": 784350,
                    "last_modified": "2025-09-25T16:06:20.053049",
                    "relative_path": "Procedimientos Annuities/14-. Rutificaci\u00f3n mensual voluntaria  banco Estado - 2025.docx",
                    "site_id": "Chile"
                }
            ],
            "country": "Chile",
            "deleted": 0,
            "local_path": "C:\\RPA\\repositorio\\OPS\\OP01_ocr_pii\\input\\chile_path",
            "modified": 0,
            "new": 2,
            "successfully_backed_up": 2,
            "total_changes": 2
        },
        "Colombia": {
            "changes": [],
            "country": "Colombia",
            "deleted": 0,
            "local_path": "C:\\RPA\\repositorio\\OPS\\OP01_ocr_pii\\input\\colombia_path",
            "modified": 0,
            "new": 0,
            "successfully_backed_up": 0,
            "total_changes": 0
        },
        "Uruguay": {
            "changes": [],
            "country": "Uruguay",
            "deleted": 0,
            "local_path": "C:\\RPA\\repositorio\\OPS\\OP01_ocr_pii\\input\\uruguay_path",
            "modified": 0,
            "new": 0,
            "successfully_backed_up": 0,
            "total_changes": 0
        }
    },
    "total_changes": 2,
    "total_sites": 4
}