{
    "backup_timestamp": "2025-12-05T13:13:36.543125",
    "processing_statistics": {
        "backup_errors": 0,
        "end_time": null,
        "files_backed_up": 1,
        "files_detected": 1,
        "files_skipped": 0,
        "ocr_copy_errors": 0,
        "ocr_files_copied": 1,
        "start_time": "2025-12-05T13:13:36.392949"
    },
    "regional_hub_path": "C:\\RPA\\repositorio\\OPS\\OP01_ocr_pii\\input\\main_folder_path",
    "sites": {
        "Brazil": {
            "changes": [],
            "country": "Brazil",
            "deleted": 0,
            "local_path": "C:\\RPA\\repositorio\\OPS\\OP01_ocr_pii\\input\\brasil_path",
            "modified": 0,
            "new": 0,
            "successfully_backed_up": 0,
            "total_changes": 0
        },
        "Chile": {
            "changes": [
                {
                    "backup_path": "C:\\RPA\\repositorio\\OPS\\OP01_ocr_pii\\input\\main_folder_path\\Chile\\root\\123.1-Gesti\u00f3n mandatos  f\u00edsicos PAC_69.docx",
                    "change_type": "new",
                    "country": "Chile",
                    "creation_time": "2025-11-04T08:14:36.173940",
                    "detection_timestamp": "2025-12-05T13:13:36.423588",
                    "file_hash": "b9435c641dc99c73968e4157170deab6",
                    "file_path": "C:\\RPA\\repositorio\\OPS\\OP01_ocr_pii\\input\\chile_path\\123.1-Gesti\u00f3n mandatos  f\u00edsicos PAC.docx",
                    "file_size": 1154501,
                    "last_modified": "2025-11-27T16:26:31.443834",
                    "relative_path": "123.1-Gesti\u00f3n mandatos  f\u00edsicos PAC.docx",
                    "site_id": "Chile"
                }
            ],
            "country": "Chile",
            "deleted": 0,
            "local_path": "C:\\RPA\\repositorio\\OPS\\OP01_ocr_pii\\input\\chile_path",
            "modified": 0,
            "new": 1,
            "successfully_backed_up": 1,
            "total_changes": 1
        },
        "Colombia": {
            "changes": [],
            "country": "Colombia",
            "deleted": 0,
            "local_path": "C:\\RPA\\repositorio\\OPS\\OP01_ocr_pii\\input\\colombia_path",
            "modified": 0,
            "new": 0,
            "successfully_backed_up": 0,
            "total_changes": 0
        },
        "Uruguay": {
            "changes": [],
            "country": "Uruguay",
            "deleted": 0,
            "local_path": "C:\\RPA\\repositorio\\OPS\\OP01_ocr_pii\\input\\uruguay_path",
            "modified": 0,
            "new": 0,
            "successfully_backed_up": 0,
            "total_changes": 0
        }
    },
    "total_changes": 1,
    "total_sites": 4
}